codigo_producto,cod_insumo,subcategoria_llm
1000071,101,COMPLEMENTO_ADICIONAL
2000058,521,BEBIDA_COMPARTIR_ALC
1000035,252,ENTRADA_PIQUEO
1000017,98,PLATO_FONDO_INDIVIDUAL
1000016,176,PLATO_FONDO_INDIVIDUAL
3000008,60,CORTESIA
1000086,176,PLATO_FONDO_INDIVIDUAL
3000005,519,PROMOCIONES_REDES
ALM-000004,20,
2000047,529,BEBIDA_COMPARTIR_ALC
3000006,58,PROMOCIONES_REDES
3000060,561,PROMOCIONES_REDES
2000003,510,BEBIDA_INDIVIDUAL_ALC
2000079,496,BEBIDA_COMPARTIR_NO_ALC
2000101,659,BEBIDA_INDIVIDUAL_NO_ALC
1000085,99,PLATO_FONDO_INDIVIDUAL
3000071,58,
1000021,91,PLATO_FONDO_INDIVIDUAL
1000012,561,PLATO_FONDO_INDIVIDUAL
1000102,182,NIÑOS
2000029,492,BEBIDA_INDIVIDUAL_ALC
2000023,497,BEBIDA_INDIVIDUAL_ALC
1000016,548,PLATO_FONDO_INDIVIDUAL
1000023,95,PLATO_FONDO_INDIVIDUAL
1000094,100,PLATO_FONDO_INDIVIDUAL
1000089,656,PLATO_FONDO_INDIVIDUAL
4000047,601,MODIFICADORES
2000035,491,BEBIDA_INDIVIDUAL_NO_ALC
1000058,96,PLATO_FONDO_INDIVIDUAL
1000051,497,PLATO_FONDO_INDIVIDUAL
2000019,521,BEBIDA_INDIVIDUAL_ALC
1000038,676,PLATO_FONDO_INDIVIDUAL
3000074,498,
1000059,505,PLATO_FONDO_INDIVIDUAL
1000062,8,NIÑOS
1000101,123,PLATO_FONDO_INDIVIDUAL
3000017,608,PROMOCIONES_REDES
1000064,177,NIÑOS
1000105,213,POSTRE
2000116,459,BEBIDA_COMPARTIR_ALC
1000066,177,NIÑOS
1000039,485,PLATO_FONDO_INDIVIDUAL
4000028,497,MODIFICADORES
1000020,38,PLATO_FONDO_INDIVIDUAL
2000116,532,BEBIDA_COMPARTIR_ALC
1000092,99,PLATO_FONDO_INDIVIDUAL
1000022,69,PLATO_FONDO_INDIVIDUAL
2000101,158,BEBIDA_INDIVIDUAL_NO_ALC
2000080,495,BEBIDA_COMPARTIR_NO_ALC
3000020,502,PROMOCIONES_REDES
2000031,456,BEBIDA_INDIVIDUAL_ALC
1000022,91,PLATO_FONDO_INDIVIDUAL
2000001,515,BEBIDA_INDIVIDUAL_ALC
1000009,561,PLATO_FONDO_INDIVIDUAL
3000008,58,CORTESIA
2000014,523,BEBIDA_INDIVIDUAL_ALC
3000029,100,NIÑOS
2000088,501,BEBIDA_COMPARTIR_NO_ALC
1000016,232,PLATO_FONDO_INDIVIDUAL
1000001,100,PLATO_FONDO_INDIVIDUAL
1000095,29,PLATO_FONDO_INDIVIDUAL
1000047,561,PLATO_FONDO_INDIVIDUAL
1000110,676,PLATO_FONDO_INDIVIDUAL
1000087,99,PLATO_FONDO_INDIVIDUAL
2000022,158,BEBIDA_INDIVIDUAL_ALC
1000025,98,PLATO_FONDO_INDIVIDUAL
1000024,85,PLATO_FONDO_INDIVIDUAL
2000018,158,BEBIDA_INDIVIDUAL_ALC
1000025,38,PLATO_FONDO_INDIVIDUAL
1000086,552,PLATO_FONDO_INDIVIDUAL
3000003,558,PROMOCIONES_REDES
2000134,505,BEBIDA_COMPARTIR_ALC
1000082,91,PLATO_FONDO_INDIVIDUAL
2000144,58,BEBIDA_INDIVIDUAL_NO_ALC
2000127,223,BEBIDA_INDIVIDUAL_ALC
2000127,58,BEBIDA_INDIVIDUAL_ALC
1000065,182,NIÑOS
1000012,99,PLATO_FONDO_INDIVIDUAL
1000061,621,NIÑOS
3000033,58,
1000104,100,NIÑOS
3000003,232,PROMOCIONES_REDES
1000095,610,PLATO_FONDO_INDIVIDUAL
1000009,455,PLATO_FONDO_INDIVIDUAL
2000061,532,BEBIDA_INDIVIDUAL_ALC
3000011,58,PROMOCIONES_REDES
2000095,22,BEBIDA_INDIVIDUAL_NO_ALC
3000064,158,PROMOCIONES_REDES
1000022,98,PLATO_FONDO_INDIVIDUAL
1000020,69,PLATO_FONDO_INDIVIDUAL
1000112,182,
3000070,218,
1000023,69,PLATO_FONDO_INDIVIDUAL
1000053,499,NIÑOS
3000033,523,
3000022,726,PROMOCIONES_REDES
3000080,249,
1000102,72,NIÑOS
2000027,158,BEBIDA_INDIVIDUAL_ALC
1000104,8,NIÑOS
1000061,100,NIÑOS
3000088,232,
3000019,561,PROMOCIONES_REDES
1000033,182,
1000020,94,PLATO_FONDO_INDIVIDUAL
3000000,561,PROMOCIONES_REDES
1000093,599,
2000067,20,BEBIDA_INDIVIDUAL_NO_ALC
2000111,478,BEBIDA_INDIVIDUAL_ALC
1000064,676,NIÑOS
1000111,233,
3000038,656,
1000013,676,PLATO_FONDO_INDIVIDUAL
2000130,218,BEBIDA_INDIVIDUAL_ALC
1000072,75,COMPLEMENTO_ADICIONAL
3000015,82,PROMOCIONES_REDES
INF-0001,40,
1000042,232,PLATO_FONDO_INDIVIDUAL
2000117,459,BEBIDA_INDIVIDUAL_ALC
2000035,241,BEBIDA_INDIVIDUAL_NO_ALC
2000128,218,BEBIDA_INDIVIDUAL_ALC
2000057,498,BEBIDA_INDIVIDUAL_ALC
2000143,20,BEBIDA_COMPARTIR_NO_ALC
2000019,458,BEBIDA_INDIVIDUAL_ALC
1000048,561,PLATO_FONDO_INDIVIDUAL
2000140,461,BEBIDA_INDIVIDUAL_NO_ALC
ALM-000002,155,
3000028,561,PROMOCIONES_REDES
ALM-000005,158,
3000040,58,CORTESIA
2000016,244,BEBIDA_INDIVIDUAL_ALC
2000004,497,BEBIDA_INDIVIDUAL_ALC
3000019,676,PROMOCIONES_REDES
1000101,173,PLATO_FONDO_INDIVIDUAL
2000002,544,BEBIDA_INDIVIDUAL_ALC
2000031,492,BEBIDA_INDIVIDUAL_ALC
3000018,722,PROMOCIONES_REDES
1000048,558,PLATO_FONDO_INDIVIDUAL
1000104,621,NIÑOS
2000013,216,BEBIDA_INDIVIDUAL_ALC
1000060,100,NIÑOS
1000092,232,PLATO_FONDO_INDIVIDUAL
ALM-000001,13,
2000038,158,BEBIDA_INDIVIDUAL_NO_ALC
1000026,565,PLATO_FONDO_FAMILIAR
3000020,218,PROMOCIONES_REDES
2000133,521,BEBIDA_INDIVIDUAL_ALC
2000039,58,BEBIDA_INDIVIDUAL_NO_ALC
3000061,561,PROMOCIONES_REDES
1000097,222,NIÑOS
1000049,558,PLATO_FONDO_INDIVIDUAL
1000062,61,NIÑOS
1000062,100,NIÑOS
3000057,61,NIÑOS
1000025,612,PLATO_FONDO_INDIVIDUAL
2000005,500,BEBIDA_INDIVIDUAL_ALC
1000016,561,PLATO_FONDO_INDIVIDUAL
1000025,775,PLATO_FONDO_INDIVIDUAL
2000129,216,BEBIDA_INDIVIDUAL_ALC
3000028,10,PROMOCIONES_REDES
3000085,10,
3000028,620,PROMOCIONES_REDES
1000023,96,PLATO_FONDO_INDIVIDUAL
2000022,521,BEBIDA_INDIVIDUAL_ALC
3000049,232,CORPORATIVOS
1000046,11,ALMUERZOS
1000085,676,PLATO_FONDO_INDIVIDUAL
3000077,781,
2000058,218,BEBIDA_COMPARTIR_ALC
2000034,491,BEBIDA_INDIVIDUAL_NO_ALC
1000105,36,POSTRE
1000022,38,PLATO_FONDO_INDIVIDUAL
2000004,523,BEBIDA_INDIVIDUAL_ALC
2000013,465,BEBIDA_INDIVIDUAL_ALC
2000064,58,BEBIDA_COMPARTIR_NO_ALC
1000082,576,PLATO_FONDO_INDIVIDUAL
1000109,60,COMPLEMENTO_ADICIONAL
1000015,176,PLATO_FONDO_INDIVIDUAL
3000022,531,PROMOCIONES_REDES
2000009,60,BEBIDA_INDIVIDUAL_ALC
1000101,182,PLATO_FONDO_INDIVIDUAL
3000052,676,CORPORATIVOS
1000055,8,NIÑOS
3000070,488,
INF-0004,45,
1000078,601,CAMBIOS
1000002,100,PLATO_FONDO_INDIVIDUAL
2000124,470,
1000025,96,PLATO_FONDO_INDIVIDUAL
1000095,8,PLATO_FONDO_INDIVIDUAL
1000039,232,PLATO_FONDO_INDIVIDUAL
1000101,531,PLATO_FONDO_INDIVIDUAL
1000065,76,NIÑOS
1000089,176,PLATO_FONDO_INDIVIDUAL
1000013,176,PLATO_FONDO_INDIVIDUAL
1000084,997,ENTRADA_PIQUEO
1000007,624,PLATO_FONDO_INDIVIDUAL
2000006,58,BEBIDA_INDIVIDUAL_ALC
1000042,561,PLATO_FONDO_INDIVIDUAL
3000027,521,CORTESIA
4000065,495,
3000051,232,CORPORATIVOS
2000056,218,BEBIDA_COMPARTIR_ALC
2000127,216,BEBIDA_INDIVIDUAL_ALC
1000111,182,
1000101,613,PLATO_FONDO_INDIVIDUAL
4000066,476,
1000084,171,ENTRADA_PIQUEO
1000011,232,PLATO_FONDO_INDIVIDUAL
4000015,237,MODIFICADORES
1000051,232,PLATO_FONDO_INDIVIDUAL
1000001,232,PLATO_FONDO_INDIVIDUAL
1000061,76,NIÑOS
3000037,8,PROMOCIONES_REDES
2000001,58,BEBIDA_INDIVIDUAL_ALC
1000058,123,PLATO_FONDO_INDIVIDUAL
2000135,506,BEBIDA_COMPARTIR_ALC
3000003,565,PROMOCIONES_REDES
1000060,621,NIÑOS
2000026,479,BEBIDA_INDIVIDUAL_ALC
3000032,475,
1000020,232,PLATO_FONDO_INDIVIDUAL
3000017,252,PROMOCIONES_REDES
ALM-000008,143,
2000039,70,BEBIDA_INDIVIDUAL_NO_ALC
1000050,561,PLATO_FONDO_INDIVIDUAL
2000141,58,BEBIDA_COMPARTIR_NO_ALC
2000058,58,BEBIDA_COMPARTIR_ALC
1000041,561,PLATO_FONDO_INDIVIDUAL
1000018,99,PLATO_FONDO_INDIVIDUAL
3000071,498,
1000017,100,PLATO_FONDO_INDIVIDUAL
2000093,63,BEBIDA_INDIVIDUAL_NO_ALC
2000132,230,BEBIDA_INDIVIDUAL_ALC
1000097,79,NIÑOS
1000025,134,PLATO_FONDO_INDIVIDUAL
1000059,69,PLATO_FONDO_INDIVIDUAL
2000129,522,BEBIDA_INDIVIDUAL_ALC
2000126,481,BEBIDA_COMPARTIR_ALC
3000037,519,PROMOCIONES_REDES
1000094,8,PLATO_FONDO_INDIVIDUAL
1000050,232,PLATO_FONDO_INDIVIDUAL
2000105,486,BEBIDA_INDIVIDUAL_ALC
1000045,38,ALMUERZOS
1000097,264,NIÑOS
2000005,516,BEBIDA_INDIVIDUAL_ALC
1000084,621,ENTRADA_PIQUEO
3000016,155,PROMOCIONES_REDES
1000017,91,PLATO_FONDO_INDIVIDUAL
3000053,561,CORPORATIVOS
1000112,233,
3000033,497,
1000005,561,COMPLEMENTO_ADICIONAL
1000023,85,PLATO_FONDO_INDIVIDUAL
2000128,58,BEBIDA_INDIVIDUAL_ALC
1000006,176,PLATO_FONDO_INDIVIDUAL
1000021,99,PLATO_FONDO_INDIVIDUAL
4000035,60,MODIFICADORES
1000061,8,NIÑOS
1000101,69,PLATO_FONDO_INDIVIDUAL
1000020,98,PLATO_FONDO_INDIVIDUAL
3000016,177,PROMOCIONES_REDES
3000053,757,CORPORATIVOS
1000071,6,COMPLEMENTO_ADICIONAL
2000070,20,BEBIDA_COMPARTIR_NO_ALC
2000070,465,BEBIDA_COMPARTIR_NO_ALC
2000005,58,BEBIDA_INDIVIDUAL_ALC
1000046,232,ALMUERZOS
1000093,232,
2000061,217,BEBIDA_INDIVIDUAL_ALC
2000038,456,BEBIDA_INDIVIDUAL_NO_ALC
4000031,58,MODIFICADORES
3000072,507,
2000078,493,BEBIDA_COMPARTIR_NO_ALC
1000029,233,
1000019,29,PLATO_FONDO_INDIVIDUAL
3000086,983,
2000059,498,BEBIDA_INDIVIDUAL_ALC
2000034,58,BEBIDA_INDIVIDUAL_NO_ALC
1000064,677,NIÑOS
2000035,216,BEBIDA_INDIVIDUAL_NO_ALC
1000040,601,PLATO_FONDO_INDIVIDUAL
2000117,532,BEBIDA_INDIVIDUAL_ALC
2000070,150,BEBIDA_COMPARTIR_NO_ALC
2000058,498,BEBIDA_COMPARTIR_ALC
2000073,20,BEBIDA_INDIVIDUAL_NO_ALC
1000107,55,POSTRE
2000038,58,BEBIDA_INDIVIDUAL_NO_ALC
1000062,182,NIÑOS
1000046,492,ALMUERZOS
2000072,158,BEBIDA_COMPARTIR_NO_ALC
1000034,599,
2000013,497,BEBIDA_INDIVIDUAL_ALC
1000007,561,PLATO_FONDO_INDIVIDUAL
2000045,540,BEBIDA_COMPARTIR_ALC
1000024,775,PLATO_FONDO_INDIVIDUAL
1000043,232,PLATO_FONDO_INDIVIDUAL
2000022,458,BEBIDA_INDIVIDUAL_ALC
3000009,150,CORTESIA
1000011,457,PLATO_FONDO_INDIVIDUAL
1000094,38,PLATO_FONDO_INDIVIDUAL
1000065,94,NIÑOS
2000016,150,BEBIDA_INDIVIDUAL_ALC
1000008,232,PLATO_FONDO_INDIVIDUAL
3000061,676,PROMOCIONES_REDES
2000008,458,BEBIDA_INDIVIDUAL_ALC
1000011,611,PLATO_FONDO_INDIVIDUAL
1000059,136,PLATO_FONDO_INDIVIDUAL
2000085,477,
ALM-000004,100,
1000056,239,NIÑOS
1000031,599,
4000057,562,MODIFICADORES
2000003,517,BEBIDA_INDIVIDUAL_ALC
2000139,461,BEBIDA_INDIVIDUAL_NO_ALC
2000127,523,BEBIDA_INDIVIDUAL_ALC
1000021,232,PLATO_FONDO_INDIVIDUAL
1000006,625,PLATO_FONDO_INDIVIDUAL
4000042,484,MODIFICADORES
3000028,732,PROMOCIONES_REDES
2000133,58,BEBIDA_INDIVIDUAL_ALC
1000019,88,PLATO_FONDO_INDIVIDUAL
3000048,519,PROMOCIONES_REDES
1000042,488,PLATO_FONDO_INDIVIDUAL
1000040,656,PLATO_FONDO_INDIVIDUAL
1000105,63,POSTRE
1000115,679,POSTRE
1000041,676,PLATO_FONDO_INDIVIDUAL
1000098,255,NIÑOS
2000009,158,BEBIDA_INDIVIDUAL_ALC
1000032,246,
1000012,676,PLATO_FONDO_INDIVIDUAL
4000031,158,MODIFICADORES
3000055,759,
1000058,69,PLATO_FONDO_INDIVIDUAL
1000065,90,NIÑOS
2000140,70,BEBIDA_INDIVIDUAL_NO_ALC
1000001,94,PLATO_FONDO_INDIVIDUAL
1000100,177,PLATO_FONDO_INDIVIDUAL
1000112,246,
ALM-000006,136,
ALM-000009,92,
1000082,20,PLATO_FONDO_INDIVIDUAL
2000102,512,BEBIDA_INDIVIDUAL_ALC
1000018,38,PLATO_FONDO_INDIVIDUAL
1000040,486,PLATO_FONDO_INDIVIDUAL
3000059,676,PROMOCIONES_REDES
1000045,171,ALMUERZOS
2000037,463,BEBIDA_INDIVIDUAL_NO_ALC
1000100,613,PLATO_FONDO_INDIVIDUAL
1000084,38,ENTRADA_PIQUEO
3000024,150,PROMOCIONES_REDES
1000107,213,POSTRE
1000049,239,PLATO_FONDO_INDIVIDUAL
1000049,676,PLATO_FONDO_INDIVIDUAL
2000118,158,CORTESIA
1000095,64,PLATO_FONDO_INDIVIDUAL
1000089,232,PLATO_FONDO_INDIVIDUAL
3000055,561,
3000000,565,PROMOCIONES_REDES
2000098,20,BEBIDA_INDIVIDUAL_NO_ALC
ALM-000003,169,
3000016,61,PROMOCIONES_REDES
4000030,241,MODIFICADORES
3000074,521,
2000057,489,BEBIDA_INDIVIDUAL_ALC
1000026,676,PLATO_FONDO_FAMILIAR
2000095,63,BEBIDA_INDIVIDUAL_NO_ALC
1000045,176,ALMUERZOS
2000059,532,BEBIDA_INDIVIDUAL_ALC
2000019,491,BEBIDA_INDIVIDUAL_ALC
1000046,153,ALMUERZOS
3000056,563,PROMOCIONES_REDES
2000018,521,BEBIDA_INDIVIDUAL_ALC
2000136,507,BEBIDA_COMPARTIR_ALC
3000017,61,PROMOCIONES_REDES
1000087,530,PLATO_FONDO_INDIVIDUAL
2000061,498,BEBIDA_INDIVIDUAL_ALC
2000020,58,BEBIDA_INDIVIDUAL_ALC
1000017,77,PLATO_FONDO_INDIVIDUAL
2000026,523,BEBIDA_INDIVIDUAL_ALC
2000033,58,BEBIDA_INDIVIDUAL_NO_ALC
1000107,36,POSTRE
1000043,562,PLATO_FONDO_INDIVIDUAL
1000043,561,PLATO_FONDO_INDIVIDUAL
1000101,136,PLATO_FONDO_INDIVIDUAL
3000002,532,PROMOCIONES_REDES
3000071,217,
1000017,38,PLATO_FONDO_INDIVIDUAL
1000046,101,ALMUERZOS
1000047,676,PLATO_FONDO_INDIVIDUAL
1000064,90,NIÑOS
2000056,489,BEBIDA_COMPARTIR_ALC
INF-0003,43,
1000084,94,ENTRADA_PIQUEO
1000099,182,NIÑOS
1000043,489,PLATO_FONDO_INDIVIDUAL
3000048,512,PROMOCIONES_REDES
ALM-000003,155,
2000123,467,
2000039,158,BEBIDA_INDIVIDUAL_NO_ALC
3000029,679,NIÑOS
3000002,58,PROMOCIONES_REDES
2000131,521,BEBIDA_INDIVIDUAL_ALC
2000063,158,BEBIDA_INDIVIDUAL_NO_ALC
3000015,76,PROMOCIONES_REDES
1000020,95,PLATO_FONDO_INDIVIDUAL
3000013,541,BEBIDA_COMPARTIR_ALC
ALM-000005,123,
2000018,497,BEBIDA_INDIVIDUAL_ALC
2000027,479,BEBIDA_INDIVIDUAL_ALC
1000067,100,COMPLEMENTO_ADICIONAL
2000007,521,BEBIDA_INDIVIDUAL_ALC
1000064,76,NIÑOS
1000025,175,PLATO_FONDO_INDIVIDUAL
1000051,676,PLATO_FONDO_INDIVIDUAL
1000023,38,PLATO_FONDO_INDIVIDUAL
1000062,76,NIÑOS
2000059,217,BEBIDA_INDIVIDUAL_ALC
ALM-000005,175,
1000045,98,ALMUERZOS
1000102,8,NIÑOS
2000012,60,BEBIDA_INDIVIDUAL_ALC
1000065,156,NIÑOS
1000026,561,PLATO_FONDO_FAMILIAR
3000027,58,CORTESIA
3000020,498,PROMOCIONES_REDES
3000006,458,PROMOCIONES_REDES
1000026,232,PLATO_FONDO_FAMILIAR
1000086,561,PLATO_FONDO_INDIVIDUAL
3000028,601,PROMOCIONES_REDES
2000017,243,BEBIDA_INDIVIDUAL_ALC
1000099,158,NIÑOS
1000091,232,PLATO_FONDO_INDIVIDUAL
1000106,63,POSTRE
2000061,25,BEBIDA_INDIVIDUAL_ALC
3000003,676,PROMOCIONES_REDES
2000007,458,BEBIDA_INDIVIDUAL_ALC
1000089,532,PLATO_FONDO_INDIVIDUAL
3000089,232,
3000002,561,PROMOCIONES_REDES
3000017,155,PROMOCIONES_REDES
1000020,91,PLATO_FONDO_INDIVIDUAL
3000070,161,
1000103,182,NIÑOS
2000069,20,BEBIDA_INDIVIDUAL_NO_ALC
1000103,232,NIÑOS
1000046,6,ALMUERZOS
1000020,96,PLATO_FONDO_INDIVIDUAL
ALM-000005,8,
ALM-000008,125,
ALM-000001,14,
1000017,531,PLATO_FONDO_INDIVIDUAL
2000021,58,BEBIDA_INDIVIDUAL_ALC
1000098,8,NIÑOS
3000006,158,PROMOCIONES_REDES
2000128,521,BEBIDA_INDIVIDUAL_ALC
1000022,95,PLATO_FONDO_INDIVIDUAL
ALM-000004,72,
3000004,232,PROMOCIONES_REDES
1000064,182,NIÑOS
2000003,492,BEBIDA_INDIVIDUAL_ALC
2000034,216,BEBIDA_INDIVIDUAL_NO_ALC
3000016,82,PROMOCIONES_REDES
1000072,93,COMPLEMENTO_ADICIONAL
4000061,622,PLATO_FONDO_INDIVIDUAL
2000131,16,BEBIDA_INDIVIDUAL_ALC
3000018,8,PROMOCIONES_REDES
3000015,61,PROMOCIONES_REDES
1000071,171,COMPLEMENTO_ADICIONAL
2000065,158,BEBIDA_INDIVIDUAL_NO_ALC
1000001,69,PLATO_FONDO_INDIVIDUAL
3000016,72,PROMOCIONES_REDES
3000009,172,CORTESIA
1000036,249,ENTRADA_PIQUEO
3000015,608,PROMOCIONES_REDES
2000061,32,BEBIDA_INDIVIDUAL_ALC
2000108,485,BEBIDA_COMPARTIR_ALC
1000106,56,POSTRE
3000072,488,
3000029,621,NIÑOS
2000003,58,BEBIDA_INDIVIDUAL_ALC
1000057,8,PLATO_FONDO_INDIVIDUAL
2000016,497,BEBIDA_INDIVIDUAL_ALC
1000018,77,PLATO_FONDO_INDIVIDUAL
4000031,497,MODIFICADORES
2000139,70,BEBIDA_INDIVIDUAL_NO_ALC
4000010,563,PLATO_FONDO_INDIVIDUAL
1000058,140,PLATO_FONDO_INDIVIDUAL
1000068,232,COMPLEMENTO_ADICIONAL
2000025,523,BEBIDA_INDIVIDUAL_ALC
2000028,169,BEBIDA_INDIVIDUAL_ALC
3000009,523,CORTESIA
1000057,182,PLATO_FONDO_INDIVIDUAL
3000015,94,PROMOCIONES_REDES
2000117,498,BEBIDA_INDIVIDUAL_ALC
4000038,56,MODIFICADORES
3000057,76,NIÑOS
1000059,465,PLATO_FONDO_INDIVIDUAL
2000030,58,BEBIDA_INDIVIDUAL_ALC
1000020,64,PLATO_FONDO_INDIVIDUAL
1000010,676,PLATO_FONDO_INDIVIDUAL
2000102,520,BEBIDA_INDIVIDUAL_ALC
2000068,20,BEBIDA_COMPARTIR_NO_ALC
2000012,243,BEBIDA_INDIVIDUAL_ALC
1000025,95,PLATO_FONDO_INDIVIDUAL
2000017,465,BEBIDA_INDIVIDUAL_ALC
1000023,134,PLATO_FONDO_INDIVIDUAL
2000117,218,BEBIDA_INDIVIDUAL_ALC
1000033,246,
1000047,493,PLATO_FONDO_INDIVIDUAL
3000022,521,PROMOCIONES_REDES
3000002,676,PROMOCIONES_REDES
1000088,531,PLATO_FONDO_INDIVIDUAL
2000017,458,BEBIDA_INDIVIDUAL_ALC
2000093,23,BEBIDA_INDIVIDUAL_NO_ALC
2000128,224,BEBIDA_INDIVIDUAL_ALC
4000046,540,MODIFICADORES
1000007,453,PLATO_FONDO_INDIVIDUAL
1000110,553,PLATO_FONDO_INDIVIDUAL
2000032,243,BEBIDA_INDIVIDUAL_ALC
1000043,676,PLATO_FONDO_INDIVIDUAL
1000022,94,PLATO_FONDO_INDIVIDUAL
1000052,676,PLATO_FONDO_INDIVIDUAL
2000070,216,BEBIDA_COMPARTIR_NO_ALC
2000144,158,BEBIDA_INDIVIDUAL_NO_ALC
ALM-000009,123,
2000032,492,BEBIDA_INDIVIDUAL_ALC
2000053,533,BEBIDA_COMPARTIR_ALC
2000048,536,BEBIDA_COMPARTIR_ALC
3000002,515,PROMOCIONES_REDES
1000087,232,PLATO_FONDO_INDIVIDUAL
2000069,216,BEBIDA_INDIVIDUAL_NO_ALC
2000060,500,BEBIDA_COMPARTIR_ALC
2000026,58,BEBIDA_INDIVIDUAL_ALC
2000064,216,BEBIDA_COMPARTIR_NO_ALC
3000074,217,
2000142,216,BEBIDA_INDIVIDUAL_NO_ALC
2000077,35,BEBIDA_INDIVIDUAL_NO_ALC
2000016,465,BEBIDA_INDIVIDUAL_ALC
3000019,565,PROMOCIONES_REDES
4000000,576,MODIFICADORES
1000060,72,NIÑOS
2000011,497,BEBIDA_INDIVIDUAL_ALC
2000017,150,BEBIDA_INDIVIDUAL_ALC
2000114,527,BEBIDA_INDIVIDUAL_ALC
2000129,25,BEBIDA_INDIVIDUAL_ALC
1000082,232,PLATO_FONDO_INDIVIDUAL
1000040,232,PLATO_FONDO_INDIVIDUAL
3000070,505,
1000051,238,PLATO_FONDO_INDIVIDUAL
2000072,463,BEBIDA_COMPARTIR_NO_ALC
1000054,603,NIÑOS
2000069,158,BEBIDA_INDIVIDUAL_NO_ALC
2000011,458,BEBIDA_INDIVIDUAL_ALC
2000094,20,BEBIDA_INDIVIDUAL_NO_ALC
1000008,561,PLATO_FONDO_INDIVIDUAL
3000089,676,
1000001,571,PLATO_FONDO_INDIVIDUAL
ALM-000003,130,
3000022,220,PROMOCIONES_REDES
1000057,136,PLATO_FONDO_INDIVIDUAL
2000116,58,BEBIDA_COMPARTIR_ALC
2000127,218,BEBIDA_INDIVIDUAL_ALC
1000019,612,PLATO_FONDO_INDIVIDUAL
2000082,473,BEBIDA_COMPARTIR_NO_ALC
1000110,549,PLATO_FONDO_INDIVIDUAL
1000108,63,POSTRE
ALM-000004,79,
1000022,79,PLATO_FONDO_INDIVIDUAL
1000077,558,CAMBIOS
3000056,561,PROMOCIONES_REDES
2000021,458,BEBIDA_INDIVIDUAL_ALC
1000048,676,PLATO_FONDO_INDIVIDUAL
2000017,158,BEBIDA_INDIVIDUAL_ALC
3000033,500,
2000094,23,BEBIDA_INDIVIDUAL_NO_ALC
2000014,465,BEBIDA_INDIVIDUAL_ALC
2000141,226,BEBIDA_COMPARTIR_NO_ALC
2000011,158,BEBIDA_INDIVIDUAL_ALC
2000141,465,BEBIDA_COMPARTIR_NO_ALC
3000002,565,PROMOCIONES_REDES
1000082,125,PLATO_FONDO_INDIVIDUAL
1000027,565,PLATO_FONDO_FAMILIAR
2000031,158,BEBIDA_INDIVIDUAL_ALC
2000015,523,BEBIDA_INDIVIDUAL_ALC
1000071,263,COMPLEMENTO_ADICIONAL
1000073,547,CAMBIOS
3000028,79,PROMOCIONES_REDES
2000144,20,BEBIDA_INDIVIDUAL_NO_ALC
2000131,229,BEBIDA_INDIVIDUAL_ALC
1000024,140,PLATO_FONDO_INDIVIDUAL
2000029,58,BEBIDA_INDIVIDUAL_ALC
1000024,96,PLATO_FONDO_INDIVIDUAL
1000016,462,PLATO_FONDO_INDIVIDUAL
3000075,60,
ALM-000005,100,
2000029,456,BEBIDA_INDIVIDUAL_ALC
3000002,218,PROMOCIONES_REDES
3000069,773,
2000017,523,BEBIDA_INDIVIDUAL_ALC
2000060,532,BEBIDA_COMPARTIR_ALC
1000036,252,ENTRADA_PIQUEO
1000075,562,CAMBIOS
1000101,18,PLATO_FONDO_INDIVIDUAL
1000059,84,PLATO_FONDO_INDIVIDUAL
2000020,244,BEBIDA_INDIVIDUAL_ALC
3000014,233,
3000085,100,
1000024,64,PLATO_FONDO_INDIVIDUAL
3000050,676,CORPORATIVOS
1000018,96,PLATO_FONDO_INDIVIDUAL
2000054,538,BEBIDA_COMPARTIR_ALC
2000131,218,BEBIDA_INDIVIDUAL_ALC
ALM-000004,91,
1000012,458,PLATO_FONDO_INDIVIDUAL
1000017,69,PLATO_FONDO_INDIVIDUAL
2000027,243,BEBIDA_INDIVIDUAL_ALC
1000031,182,
1000089,582,PLATO_FONDO_INDIVIDUAL
1000018,88,PLATO_FONDO_INDIVIDUAL
1000018,590,PLATO_FONDO_INDIVIDUAL
2000128,458,BEBIDA_INDIVIDUAL_ALC
3000010,465,CORTESIA
2000129,58,BEBIDA_INDIVIDUAL_ALC
2000065,58,BEBIDA_INDIVIDUAL_NO_ALC
3000040,218,CORTESIA
ALM-000010,101,
2000109,484,BEBIDA_INDIVIDUAL_ALC
1000023,232,PLATO_FONDO_INDIVIDUAL
2000118,465,CORTESIA
1000097,33,NIÑOS
1000105,50,POSTRE
2000103,519,BEBIDA_INDIVIDUAL_ALC
3000003,561,PROMOCIONES_REDES
3000063,182,PROMOCIONES_REDES
2000059,500,BEBIDA_INDIVIDUAL_ALC
2000072,20,BEBIDA_COMPARTIR_NO_ALC
2000014,216,BEBIDA_INDIVIDUAL_ALC
3000037,232,PROMOCIONES_REDES
2000140,58,BEBIDA_INDIVIDUAL_NO_ALC
1000060,8,NIÑOS
2000062,20,BEBIDA_COMPARTIR_NO_ALC
1000089,99,PLATO_FONDO_INDIVIDUAL
2000060,25,BEBIDA_COMPARTIR_ALC
2000062,158,BEBIDA_COMPARTIR_NO_ALC
3000002,706,PROMOCIONES_REDES
3000037,182,PROMOCIONES_REDES
1000103,8,NIÑOS
2000118,20,CORTESIA
2000128,25,BEBIDA_INDIVIDUAL_ALC
1000101,140,PLATO_FONDO_INDIVIDUAL
1000097,91,NIÑOS
2000051,530,BEBIDA_COMPARTIR_ALC
4000071,182,
3000007,523,PROMOCIONES_REDES
4000072,571,
1000110,561,PLATO_FONDO_INDIVIDUAL
2000042,600,POSTRE
3000015,177,PROMOCIONES_REDES
2000056,532,BEBIDA_COMPARTIR_ALC
3000026,730,
1000058,177,PLATO_FONDO_INDIVIDUAL
3000056,232,PROMOCIONES_REDES
2000007,497,BEBIDA_INDIVIDUAL_ALC
1000008,454,PLATO_FONDO_INDIVIDUAL
1000097,603,NIÑOS
1000039,561,PLATO_FONDO_INDIVIDUAL
2000008,60,BEBIDA_INDIVIDUAL_ALC
1000019,91,PLATO_FONDO_INDIVIDUAL
1000042,565,PLATO_FONDO_INDIVIDUAL
1000019,98,PLATO_FONDO_INDIVIDUAL
1000024,95,PLATO_FONDO_INDIVIDUAL
2000031,244,BEBIDA_INDIVIDUAL_ALC
3000003,707,PROMOCIONES_REDES
3000024,558,PROMOCIONES_REDES
2000069,465,BEBIDA_INDIVIDUAL_NO_ALC
1000049,495,PLATO_FONDO_INDIVIDUAL
3000028,610,PROMOCIONES_REDES
3000064,458,PROMOCIONES_REDES
2000027,497,BEBIDA_INDIVIDUAL_ALC
1000006,452,PLATO_FONDO_INDIVIDUAL
1000050,75,PLATO_FONDO_INDIVIDUAL
2000098,22,BEBIDA_INDIVIDUAL_NO_ALC
1000113,182,COMPLEMENTO_ADICIONAL
2000046,528,BEBIDA_COMPARTIR_ALC
1000059,182,PLATO_FONDO_INDIVIDUAL
3000079,249,
2000025,497,BEBIDA_INDIVIDUAL_ALC
3000020,232,PROMOCIONES_REDES
3000085,140,
2000068,516,BEBIDA_COMPARTIR_NO_ALC
3000074,218,
1000046,8,ALMUERZOS
3000062,766,PROMOCIONES_REDES
2000015,241,BEBIDA_INDIVIDUAL_ALC
2000031,58,BEBIDA_INDIVIDUAL_ALC
ALM-000001,177,
3000020,515,PROMOCIONES_REDES
1000066,94,NIÑOS
2000006,15,BEBIDA_INDIVIDUAL_ALC
3000071,506,
1000017,88,PLATO_FONDO_INDIVIDUAL
2000034,244,BEBIDA_INDIVIDUAL_NO_ALC
1000001,561,PLATO_FONDO_INDIVIDUAL
3000022,70,PROMOCIONES_REDES
3000020,625,PROMOCIONES_REDES
1000101,79,PLATO_FONDO_INDIVIDUAL
1000108,497,POSTRE
1000096,676,PLATO_FONDO_INDIVIDUAL
2000014,242,BEBIDA_INDIVIDUAL_ALC
2000008,521,BEBIDA_INDIVIDUAL_ALC
3000022,497,PROMOCIONES_REDES
3000017,177,PROMOCIONES_REDES
1000093,182,
1000108,56,POSTRE
2000002,244,BEBIDA_INDIVIDUAL_ALC
3000033,499,
4000033,494,MODIFICADORES
2000004,63,BEBIDA_INDIVIDUAL_ALC
2000034,176,BEBIDA_INDIVIDUAL_NO_ALC
1000060,61,NIÑOS
2000089,503,BEBIDA_COMPARTIR_NO_ALC
3000061,232,PROMOCIONES_REDES
1000045,676,ALMUERZOS
3000011,218,PROMOCIONES_REDES
1000009,99,PLATO_FONDO_INDIVIDUAL
3000019,601,PROMOCIONES_REDES
1000084,69,ENTRADA_PIQUEO
2000017,216,BEBIDA_INDIVIDUAL_ALC
3000017,94,PROMOCIONES_REDES
1000001,447,PLATO_FONDO_INDIVIDUAL
1000002,571,PLATO_FONDO_INDIVIDUAL
3000085,610,
2000071,216,BEBIDA_INDIVIDUAL_NO_ALC
ALM-000001,190,
1000062,621,NIÑOS
1000083,621,ENTRADA_PIQUEO
1000034,167,
1000106,515,POSTRE
1000090,232,PLATO_FONDO_INDIVIDUAL
1000025,64,PLATO_FONDO_INDIVIDUAL
1000052,558,PLATO_FONDO_INDIVIDUAL
1000001,997,PLATO_FONDO_INDIVIDUAL
ALM-000009,100,
1000009,232,PLATO_FONDO_INDIVIDUAL
2000025,158,BEBIDA_INDIVIDUAL_ALC
2000102,519,BEBIDA_INDIVIDUAL_ALC
2000064,158,BEBIDA_COMPARTIR_NO_ALC
1000010,99,PLATO_FONDO_INDIVIDUAL
ALM-000010,116,
1000015,99,PLATO_FONDO_INDIVIDUAL
2000001,544,BEBIDA_INDIVIDUAL_ALC
2000144,216,BEBIDA_INDIVIDUAL_NO_ALC
1000058,609,PLATO_FONDO_INDIVIDUAL
2000009,458,BEBIDA_INDIVIDUAL_ALC
1000082,676,PLATO_FONDO_INDIVIDUAL
2000141,20,BEBIDA_COMPARTIR_NO_ALC
1000091,176,PLATO_FONDO_INDIVIDUAL
2000117,58,BEBIDA_INDIVIDUAL_ALC
1000026,562,PLATO_FONDO_FAMILIAR
2000013,523,BEBIDA_INDIVIDUAL_ALC
2000036,463,BEBIDA_INDIVIDUAL_NO_ALC
2000073,158,BEBIDA_INDIVIDUAL_NO_ALC
1000046,263,ALMUERZOS
1000068,100,COMPLEMENTO_ADICIONAL
1000093,561,
1000045,95,ALMUERZOS
3000002,498,PROMOCIONES_REDES
1000095,77,PLATO_FONDO_INDIVIDUAL
3000047,249,CORTESIA
1000058,88,PLATO_FONDO_INDIVIDUAL
3000052,756,CORPORATIVOS
2000076,158,BEBIDA_COMPARTIR_NO_ALC
2000024,158,BEBIDA_INDIVIDUAL_ALC
2000013,58,BEBIDA_INDIVIDUAL_ALC
1000019,63,PLATO_FONDO_INDIVIDUAL
3000090,676,
2000145,544,BEBIDA_INDIVIDUAL_ALC
1000088,561,PLATO_FONDO_INDIVIDUAL
1000038,561,PLATO_FONDO_INDIVIDUAL
2000024,523,BEBIDA_INDIVIDUAL_ALC
2000066,20,BEBIDA_COMPARTIR_NO_ALC
2000094,63,BEBIDA_INDIVIDUAL_NO_ALC
2000020,497,BEBIDA_INDIVIDUAL_ALC
1000101,100,PLATO_FONDO_INDIVIDUAL
1000092,596,PLATO_FONDO_INDIVIDUAL
1000086,529,PLATO_FONDO_INDIVIDUAL
1000104,72,NIÑOS
3000075,20,
2000067,216,BEBIDA_INDIVIDUAL_NO_ALC
2000009,242,BEBIDA_INDIVIDUAL_ALC
3000024,561,PROMOCIONES_REDES
1000088,232,PLATO_FONDO_INDIVIDUAL
4000006,551,MODIFICADORES
4000044,542,MODIFICADORES
2000132,522,BEBIDA_INDIVIDUAL_ALC
4000034,474,MODIFICADORES
2000130,226,BEBIDA_INDIVIDUAL_ALC
2000021,158,BEBIDA_INDIVIDUAL_ALC
2000138,508,BEBIDA_COMPARTIR_ALC
1000024,175,PLATO_FONDO_INDIVIDUAL
2000033,217,BEBIDA_INDIVIDUAL_NO_ALC
4000051,255,MODIFICADORES
1000039,591,PLATO_FONDO_INDIVIDUAL
3000009,497,CORTESIA
2000142,465,BEBIDA_INDIVIDUAL_NO_ALC
2000099,20,BEBIDA_INDIVIDUAL_NO_ALC
3000032,522,
2000023,158,BEBIDA_INDIVIDUAL_ALC
ALM-000005,177,
3000088,985,
2000065,465,BEBIDA_INDIVIDUAL_NO_ALC
1000096,558,PLATO_FONDO_INDIVIDUAL
1000084,176,ENTRADA_PIQUEO
1000083,170,ENTRADA_PIQUEO
1000103,621,NIÑOS
3000016,90,PROMOCIONES_REDES
1000083,560,ENTRADA_PIQUEO
1000092,176,PLATO_FONDO_INDIVIDUAL
1000011,99,PLATO_FONDO_INDIVIDUAL
3000063,603,PROMOCIONES_REDES
4000016,240,MODIFICADORES
4000036,60,MODIFICADORES
2000012,458,BEBIDA_INDIVIDUAL_ALC
3000017,76,PROMOCIONES_REDES
2000015,150,BEBIDA_INDIVIDUAL_ALC
1000084,616,ENTRADA_PIQUEO
1000083,13,ENTRADA_PIQUEO
2000101,459,BEBIDA_INDIVIDUAL_NO_ALC
1000049,232,PLATO_FONDO_INDIVIDUAL
1000084,571,ENTRADA_PIQUEO
1000101,465,PLATO_FONDO_INDIVIDUAL
3000005,709,PROMOCIONES_REDES
2000143,158,BEBIDA_COMPARTIR_NO_ALC
3000020,724,PROMOCIONES_REDES
1000062,602,NIÑOS
3000051,561,CORPORATIVOS
3000022,218,PROMOCIONES_REDES
1000023,99,PLATO_FONDO_INDIVIDUAL
1000028,474,PLATO_FONDO_FAMILIAR
2000118,58,CORTESIA
3000011,498,PROMOCIONES_REDES
3000050,561,CORPORATIVOS
1000021,98,PLATO_FONDO_INDIVIDUAL
1000087,561,PLATO_FONDO_INDIVIDUAL
1000024,77,PLATO_FONDO_INDIVIDUAL
1000082,615,PLATO_FONDO_INDIVIDUAL
ALM-000003,190,
1000045,232,ALMUERZOS
2000131,58,BEBIDA_INDIVIDUAL_ALC
3000030,34,CORTESIA
1000084,232,ENTRADA_PIQUEO
2000026,158,BEBIDA_INDIVIDUAL_ALC
2000140,218,BEBIDA_INDIVIDUAL_NO_ALC
4000067,496,
1000095,171,PLATO_FONDO_INDIVIDUAL
2000016,165,BEBIDA_INDIVIDUAL_ALC
3000004,625,PROMOCIONES_REDES
1000009,676,PLATO_FONDO_INDIVIDUAL
3000064,497,PROMOCIONES_REDES
1000018,232,PLATO_FONDO_INDIVIDUAL
4000050,614,PLATO_FONDO_INDIVIDUAL
3000016,94,PROMOCIONES_REDES
3000002,459,PROMOCIONES_REDES
1000025,99,PLATO_FONDO_INDIVIDUAL
4000004,548,PLATO_FONDO_INDIVIDUAL
2000139,497,BEBIDA_INDIVIDUAL_NO_ALC
2000132,466,BEBIDA_INDIVIDUAL_ALC
3000038,232,
1000058,38,PLATO_FONDO_INDIVIDUAL
3000022,58,PROMOCIONES_REDES
1000060,561,NIÑOS
2000029,241,BEBIDA_INDIVIDUAL_ALC
ALM-000005,60,
3000004,459,PROMOCIONES_REDES
3000016,182,PROMOCIONES_REDES
1000102,621,NIÑOS
1000048,494,PLATO_FONDO_INDIVIDUAL
4000049,618,PLATO_FONDO_INDIVIDUAL
2000016,216,BEBIDA_INDIVIDUAL_ALC
1000079,8,NIÑOS
2000020,458,BEBIDA_INDIVIDUAL_ALC
2000019,216,BEBIDA_INDIVIDUAL_ALC
1000071,135,COMPLEMENTO_ADICIONAL
3000040,532,CORTESIA
3000004,708,PROMOCIONES_REDES
1000100,167,PLATO_FONDO_INDIVIDUAL
3000085,182,
1000021,590,PLATO_FONDO_INDIVIDUAL
3000028,100,PROMOCIONES_REDES
1000095,182,PLATO_FONDO_INDIVIDUAL
1000066,156,NIÑOS
1000067,79,COMPLEMENTO_ADICIONAL
2000008,242,BEBIDA_INDIVIDUAL_ALC
2000143,58,BEBIDA_COMPARTIR_NO_ALC
2000127,219,BEBIDA_INDIVIDUAL_ALC
1000076,565,CAMBIOS
1000059,177,PLATO_FONDO_INDIVIDUAL
3000004,58,PROMOCIONES_REDES
2000001,63,BEBIDA_INDIVIDUAL_ALC
1000082,38,PLATO_FONDO_INDIVIDUAL
1000097,60,NIÑOS
3000085,123,
1000106,464,POSTRE
1000100,18,PLATO_FONDO_INDIVIDUAL
1000111,557,
3000057,8,NIÑOS
2000015,58,BEBIDA_INDIVIDUAL_ALC
1000007,232,PLATO_FONDO_INDIVIDUAL
2000063,20,BEBIDA_INDIVIDUAL_NO_ALC
4000054,249,PLATO_FONDO_INDIVIDUAL
2000139,58,BEBIDA_INDIVIDUAL_NO_ALC
3000049,753,CORPORATIVOS
2000075,34,BEBIDA_INDIVIDUAL_NO_ALC
2000030,158,BEBIDA_INDIVIDUAL_ALC
2000027,58,BEBIDA_INDIVIDUAL_ALC
2000060,498,BEBIDA_COMPARTIR_ALC
3000060,232,PROMOCIONES_REDES
3000019,558,PROMOCIONES_REDES
1000090,676,PLATO_FONDO_INDIVIDUAL
2000117,504,BEBIDA_INDIVIDUAL_ALC
2000006,497,BEBIDA_INDIVIDUAL_ALC
3000011,521,PROMOCIONES_REDES
1000106,54,POSTRE
2000071,20,BEBIDA_INDIVIDUAL_NO_ALC
1000058,77,PLATO_FONDO_INDIVIDUAL
3000024,601,PROMOCIONES_REDES
3000072,498,
2000065,20,BEBIDA_INDIVIDUAL_NO_ALC
1000023,469,PLATO_FONDO_INDIVIDUAL
3000057,72,NIÑOS
2000139,499,BEBIDA_INDIVIDUAL_NO_ALC
1000032,182,
1000013,561,PLATO_FONDO_INDIVIDUAL
2000131,459,BEBIDA_INDIVIDUAL_ALC
1000102,76,NIÑOS
1000101,176,PLATO_FONDO_INDIVIDUAL
3000050,754,CORPORATIVOS
1000031,246,
1000059,610,PLATO_FONDO_INDIVIDUAL
2000026,244,BEBIDA_INDIVIDUAL_ALC
1000047,232,PLATO_FONDO_INDIVIDUAL
1000045,88,ALMUERZOS
3000072,521,
2000117,217,BEBIDA_INDIVIDUAL_ALC
3000072,218,
2000019,158,BEBIDA_INDIVIDUAL_ALC
1000106,50,POSTRE
3000008,158,CORTESIA
1000060,775,NIÑOS
2000011,60,BEBIDA_INDIVIDUAL_ALC
1000017,63,PLATO_FONDO_INDIVIDUAL
1000065,82,NIÑOS
2000069,516,BEBIDA_INDIVIDUAL_NO_ALC
2000057,521,BEBIDA_INDIVIDUAL_ALC
1000025,77,PLATO_FONDO_INDIVIDUAL
1000110,99,PLATO_FONDO_INDIVIDUAL
1000111,246,
3000032,158,
1000103,100,NIÑOS
3000009,58,CORTESIA
1000045,491,ALMUERZOS
1000045,100,ALMUERZOS
1000065,99,NIÑOS
3000017,90,PROMOCIONES_REDES
3000027,498,CORTESIA
3000072,58,
2000073,465,BEBIDA_INDIVIDUAL_NO_ALC
2000037,58,BEBIDA_INDIVIDUAL_NO_ALC
3000038,561,
3000024,465,PROMOCIONES_REDES
1000011,561,PLATO_FONDO_INDIVIDUAL
ALM-000009,18,
2000015,458,BEBIDA_INDIVIDUAL_ALC
1000037,254,ENTRADA_PIQUEO
2000065,216,BEBIDA_INDIVIDUAL_NO_ALC
3000005,603,PROMOCIONES_REDES
1000108,50,POSTRE
4000032,58,MODIFICADORES
2000107,482,BEBIDA_INDIVIDUAL_ALC
ALM-000008,465,
1000084,561,ENTRADA_PIQUEO
1000066,99,NIÑOS
2000087,504,BEBIDA_COMPARTIR_NO_ALC
2000024,497,BEBIDA_INDIVIDUAL_ALC
2000073,463,BEBIDA_INDIVIDUAL_NO_ALC
1000035,249,ENTRADA_PIQUEO
1000097,12,NIÑOS
2000005,498,BEBIDA_INDIVIDUAL_ALC
2000122,469,
3000057,100,NIÑOS
1000089,561,PLATO_FONDO_INDIVIDUAL
3000063,8,PROMOCIONES_REDES
1000024,590,PLATO_FONDO_INDIVIDUAL
2000028,456,BEBIDA_INDIVIDUAL_ALC
1000100,91,PLATO_FONDO_INDIVIDUAL
1000031,233,
1000054,8,NIÑOS
1000055,240,NIÑOS
3000009,63,CORTESIA
1000044,490,ALMUERZOS
1000064,252,NIÑOS
2000057,217,BEBIDA_INDIVIDUAL_ALC
1000061,170,NIÑOS
3000004,561,PROMOCIONES_REDES
2000068,216,BEBIDA_COMPARTIR_NO_ALC
3000059,549,PROMOCIONES_REDES
1000057,100,PLATO_FONDO_INDIVIDUAL
1000060,602,NIÑOS
4000045,541,MODIFICADORES
2000002,500,BEBIDA_INDIVIDUAL_ALC
2000071,150,BEBIDA_INDIVIDUAL_NO_ALC
2000024,58,BEBIDA_INDIVIDUAL_ALC
2000066,465,BEBIDA_COMPARTIR_NO_ALC
1000038,232,PLATO_FONDO_INDIVIDUAL
ALM-000010,465,
1000113,557,COMPLEMENTO_ADICIONAL
1000010,176,PLATO_FONDO_INDIVIDUAL
3000029,72,NIÑOS
1000009,176,PLATO_FONDO_INDIVIDUAL
3000027,693,CORTESIA
1000030,182,
2000071,158,BEBIDA_INDIVIDUAL_NO_ALC
2000083,472,BEBIDA_COMPARTIR_NO_ALC
3000024,232,PROMOCIONES_REDES
1000093,676,
2000063,465,BEBIDA_INDIVIDUAL_NO_ALC
1000094,77,PLATO_FONDO_INDIVIDUAL
1000017,96,PLATO_FONDO_INDIVIDUAL
2000039,242,BEBIDA_INDIVIDUAL_NO_ALC
1000021,96,PLATO_FONDO_INDIVIDUAL
1000013,232,PLATO_FONDO_INDIVIDUAL
1000099,256,NIÑOS
1000094,92,PLATO_FONDO_INDIVIDUAL
ALM-000005,10,
1000025,232,PLATO_FONDO_INDIVIDUAL
ALM-000003,13,
2000133,219,BEBIDA_INDIVIDUAL_ALC
2000144,231,BEBIDA_INDIVIDUAL_NO_ALC
1000086,99,PLATO_FONDO_INDIVIDUAL
3000092,989,
3000090,232,
2000009,58,BEBIDA_INDIVIDUAL_ALC
1000062,72,NIÑOS
3000002,217,PROMOCIONES_REDES
ALM-000006,123,
ALM-000002,177,
1000021,100,PLATO_FONDO_INDIVIDUAL
2000007,60,BEBIDA_INDIVIDUAL_ALC
1000045,96,ALMUERZOS
3000030,158,CORTESIA
1000112,557,
1000100,136,PLATO_FONDO_INDIVIDUAL
2000011,521,BEBIDA_INDIVIDUAL_ALC
2000014,158,BEBIDA_INDIVIDUAL_ALC
1000061,72,NIÑOS
1000071,153,COMPLEMENTO_ADICIONAL
1000009,590,PLATO_FONDO_INDIVIDUAL
3000015,72,PROMOCIONES_REDES
1000100,8,PLATO_FONDO_INDIVIDUAL
1000019,77,PLATO_FONDO_INDIVIDUAL
2000024,242,BEBIDA_INDIVIDUAL_ALC
1000095,69,PLATO_FONDO_INDIVIDUAL
3000017,182,PROMOCIONES_REDES
2000096,20,BEBIDA_INDIVIDUAL_NO_ALC
1000021,95,PLATO_FONDO_INDIVIDUAL
2000142,58,BEBIDA_INDIVIDUAL_NO_ALC
2000061,521,BEBIDA_INDIVIDUAL_ALC
1000008,612,PLATO_FONDO_INDIVIDUAL
ALM-000006,974,
1000066,61,NIÑOS
3000080,478,
1000064,156,NIÑOS
1000015,547,PLATO_FONDO_INDIVIDUAL
2000034,70,BEBIDA_INDIVIDUAL_NO_ALC
1000090,561,PLATO_FONDO_INDIVIDUAL
3000023,561,PROMOCIONES_REDES
1000071,11,COMPLEMENTO_ADICIONAL
1000059,140,PLATO_FONDO_INDIVIDUAL
1000059,18,PLATO_FONDO_INDIVIDUAL
1000012,176,PLATO_FONDO_INDIVIDUAL
1000027,558,PLATO_FONDO_FAMILIAR
1000018,531,PLATO_FONDO_INDIVIDUAL
3000006,491,PROMOCIONES_REDES
3000052,232,CORPORATIVOS
1000052,498,PLATO_FONDO_INDIVIDUAL
1000024,99,PLATO_FONDO_INDIVIDUAL
1000046,171,ALMUERZOS
2000146,774,
3000020,561,PROMOCIONES_REDES
1000048,232,PLATO_FONDO_INDIVIDUAL
1000090,533,PLATO_FONDO_INDIVIDUAL
2000068,158,BEBIDA_COMPARTIR_NO_ALC
4000029,58,MODIFICADORES
2000116,218,BEBIDA_COMPARTIR_ALC
2000059,521,BEBIDA_INDIVIDUAL_ALC
1000019,38,PLATO_FONDO_INDIVIDUAL
1000091,676,PLATO_FONDO_INDIVIDUAL
2000129,218,BEBIDA_INDIVIDUAL_ALC
1000085,176,PLATO_FONDO_INDIVIDUAL
2000077,158,BEBIDA_INDIVIDUAL_NO_ALC
1000108,15,POSTRE
2000033,491,BEBIDA_INDIVIDUAL_NO_ALC
3000028,91,PROMOCIONES_REDES
2000142,158,BEBIDA_INDIVIDUAL_NO_ALC
1000024,134,PLATO_FONDO_INDIVIDUAL
3000063,767,PROMOCIONES_REDES
1000097,100,NIÑOS
1000015,461,PLATO_FONDO_INDIVIDUAL
1000023,77,PLATO_FONDO_INDIVIDUAL
2000012,521,BEBIDA_INDIVIDUAL_ALC
2000011,244,BEBIDA_INDIVIDUAL_ALC
3000051,676,CORPORATIVOS
3000036,519,PROMOCIONES_REDES
1000099,603,NIÑOS
2000132,25,BEBIDA_INDIVIDUAL_ALC
4000028,58,MODIFICADORES
3000063,560,PROMOCIONES_REDES
2000140,497,BEBIDA_INDIVIDUAL_NO_ALC
1000086,232,PLATO_FONDO_INDIVIDUAL
3000016,608,PROMOCIONES_REDES
2000145,514,BEBIDA_INDIVIDUAL_ALC
2000022,491,BEBIDA_INDIVIDUAL_ALC
1000110,232,PLATO_FONDO_INDIVIDUAL
2000068,465,BEBIDA_COMPARTIR_NO_ALC
1000028,561,PLATO_FONDO_FAMILIAR
1000094,610,PLATO_FONDO_INDIVIDUAL
3000024,523,PROMOCIONES_REDES
3000084,981,
1000058,100,PLATO_FONDO_INDIVIDUAL
1000056,182,NIÑOS
1000060,182,NIÑOS
2000012,158,BEBIDA_INDIVIDUAL_ALC
3000027,217,CORTESIA
2000064,20,BEBIDA_COMPARTIR_NO_ALC
2000013,458,BEBIDA_INDIVIDUAL_ALC
ALM-000002,14,
2000099,22,BEBIDA_INDIVIDUAL_NO_ALC
2000006,521,BEBIDA_INDIVIDUAL_ALC
4000013,182,MODIFICADORES
1000024,69,PLATO_FONDO_INDIVIDUAL
2000001,466,BEBIDA_INDIVIDUAL_ALC
1000101,120,PLATO_FONDO_INDIVIDUAL
1000083,561,ENTRADA_PIQUEO
3000008,458,CORTESIA
3000040,498,CORTESIA
2000086,474,BEBIDA_INDIVIDUAL_NO_ALC
3000004,218,PROMOCIONES_REDES
1000026,601,PLATO_FONDO_FAMILIAR
1000095,38,PLATO_FONDO_INDIVIDUAL
1000058,10,PLATO_FONDO_INDIVIDUAL
4000070,571,
4000019,238,MODIFICADORES
2000133,231,BEBIDA_INDIVIDUAL_ALC
2000005,521,BEBIDA_INDIVIDUAL_ALC
1000088,676,PLATO_FONDO_INDIVIDUAL
2000143,216,BEBIDA_COMPARTIR_NO_ALC
ALM-000006,8,
2000074,158,BEBIDA_COMPARTIR_NO_ALC
1000058,64,PLATO_FONDO_INDIVIDUAL
ALM-000006,465,
3000006,497,PROMOCIONES_REDES
1000030,599,
2000127,20,BEBIDA_INDIVIDUAL_ALC
2000037,158,BEBIDA_INDIVIDUAL_NO_ALC
1000011,176,PLATO_FONDO_INDIVIDUAL
2000071,465,BEBIDA_INDIVIDUAL_NO_ALC
3000055,676,
2000022,58,BEBIDA_INDIVIDUAL_ALC
1000022,88,PLATO_FONDO_INDIVIDUAL
1000027,232,PLATO_FONDO_FAMILIAR
1000047,558,PLATO_FONDO_INDIVIDUAL
1000087,595,PLATO_FONDO_INDIVIDUAL
1000021,94,PLATO_FONDO_INDIVIDUAL
1000010,561,PLATO_FONDO_INDIVIDUAL
1000079,238,NIÑOS
1000029,246,
3000029,182,NIÑOS
3000002,558,PROMOCIONES_REDES
1000064,608,NIÑOS
1000065,177,NIÑOS
3000049,676,CORPORATIVOS
3000052,561,CORPORATIVOS
1000034,233,
1000017,29,PLATO_FONDO_INDIVIDUAL
1000100,543,PLATO_FONDO_INDIVIDUAL
4000052,158,MODIFICADORES
2000106,483,BEBIDA_COMPARTIR_NO_ALC
1000008,99,PLATO_FONDO_INDIVIDUAL
2000140,176,BEBIDA_INDIVIDUAL_NO_ALC
1000049,561,PLATO_FONDO_INDIVIDUAL
3000075,158,
1000040,561,PLATO_FONDO_INDIVIDUAL
1000052,232,PLATO_FONDO_INDIVIDUAL
1000046,679,ALMUERZOS
2000093,20,BEBIDA_INDIVIDUAL_NO_ALC
1000060,506,NIÑOS
2000004,499,BEBIDA_INDIVIDUAL_ALC
4000009,590,MODIFICADORES
2000057,58,BEBIDA_INDIVIDUAL_ALC
1000094,182,PLATO_FONDO_INDIVIDUAL
2000116,504,BEBIDA_COMPARTIR_ALC
2000033,176,BEBIDA_INDIVIDUAL_NO_ALC
1000098,182,NIÑOS
3000023,656,PROMOCIONES_REDES
2000018,216,BEBIDA_INDIVIDUAL_ALC
3000022,232,PROMOCIONES_REDES
1000086,676,PLATO_FONDO_INDIVIDUAL
1000044,676,ALMUERZOS
2000028,492,BEBIDA_INDIVIDUAL_ALC
2000139,176,BEBIDA_INDIVIDUAL_NO_ALC
1000092,561,PLATO_FONDO_INDIVIDUAL
4000007,612,MODIFICADORES
3000081,519,
3000074,488,
3000029,61,NIÑOS
1000110,176,PLATO_FONDO_INDIVIDUAL
1000006,676,PLATO_FONDO_INDIVIDUAL
1000057,123,PLATO_FONDO_INDIVIDUAL
4000028,158,MODIFICADORES
1000067,8,COMPLEMENTO_ADICIONAL
2000074,34,BEBIDA_COMPARTIR_NO_ALC
1000083,69,ENTRADA_PIQUEO
ALM-000004,76,
ALM-000002,190,
1000101,254,PLATO_FONDO_INDIVIDUAL
3000014,246,
1000106,497,POSTRE
1000008,176,PLATO_FONDO_INDIVIDUAL
3000049,561,CORPORATIVOS
2000034,158,BEBIDA_INDIVIDUAL_NO_ALC
1000079,135,NIÑOS
3000071,521,
1000006,561,PLATO_FONDO_INDIVIDUAL
2000032,456,BEBIDA_INDIVIDUAL_ALC
2000141,216,BEBIDA_COMPARTIR_NO_ALC
1000033,599,
2000021,241,BEBIDA_INDIVIDUAL_ALC
4000059,532,MODIFICADORES
3000085,136,
ALM-000001,155,
ALM-000007,8,
2000091,525,BEBIDA_INDIVIDUAL_NO_ALC
1000085,232,PLATO_FONDO_INDIVIDUAL
1000015,676,PLATO_FONDO_INDIVIDUAL
1000074,548,CAMBIOS
4000017,14,MODIFICADORES
2000100,20,BEBIDA_INDIVIDUAL_NO_ALC
1000054,237,NIÑOS
1000045,679,ALMUERZOS
1000064,94,NIÑOS
1000044,232,ALMUERZOS
2000056,58,BEBIDA_COMPARTIR_ALC
2000013,158,BEBIDA_INDIVIDUAL_ALC
1000058,136,PLATO_FONDO_INDIVIDUAL
2000116,498,BEBIDA_COMPARTIR_ALC
2000003,165,BEBIDA_INDIVIDUAL_ALC
2000030,492,BEBIDA_INDIVIDUAL_ALC
4000032,158,MODIFICADORES
1000097,175,NIÑOS
2000033,158,BEBIDA_INDIVIDUAL_NO_ALC
3000056,182,PROMOCIONES_REDES
3000033,522,
3000004,217,PROMOCIONES_REDES
1000083,14,ENTRADA_PIQUEO
3000008,497,CORTESIA
2000017,58,BEBIDA_INDIVIDUAL_ALC
3000061,765,PROMOCIONES_REDES
2000056,217,BEBIDA_COMPARTIR_ALC
2000016,523,BEBIDA_INDIVIDUAL_ALC
4000056,565,MODIFICADORES
1000093,8,
3000015,182,PROMOCIONES_REDES
2000096,22,BEBIDA_INDIVIDUAL_NO_ALC
2000062,216,BEBIDA_COMPARTIR_NO_ALC
2000127,282,BEBIDA_INDIVIDUAL_ALC
1000023,100,PLATO_FONDO_INDIVIDUAL
2000133,70,BEBIDA_INDIVIDUAL_ALC
3000070,498,
1000027,601,PLATO_FONDO_FAMILIAR
3000071,218,
2000066,216,BEBIDA_COMPARTIR_NO_ALC
2000026,497,BEBIDA_INDIVIDUAL_ALC
2000018,458,BEBIDA_INDIVIDUAL_ALC
1000033,233,
3000008,521,CORTESIA
1000097,63,NIÑOS
2000092,524,BEBIDA_INDIVIDUAL_NO_ALC
2000139,172,BEBIDA_INDIVIDUAL_NO_ALC
2000060,32,BEBIDA_COMPARTIR_ALC
2000060,218,BEBIDA_COMPARTIR_ALC
1000066,182,NIÑOS
3000051,755,CORPORATIVOS
1000094,532,PLATO_FONDO_INDIVIDUAL
2000100,43,BEBIDA_INDIVIDUAL_NO_ALC
2000019,58,BEBIDA_INDIVIDUAL_ALC
1000018,63,PLATO_FONDO_INDIVIDUAL
1000107,52,POSTRE
3000011,532,PROMOCIONES_REDES
1000099,8,NIÑOS
2000144,465,BEBIDA_INDIVIDUAL_NO_ALC
1000012,232,PLATO_FONDO_INDIVIDUAL
2000061,500,BEBIDA_INDIVIDUAL_ALC
2000023,479,BEBIDA_INDIVIDUAL_ALC
ALM-000001,169,
2000142,226,BEBIDA_INDIVIDUAL_NO_ALC
2000072,465,BEBIDA_COMPARTIR_NO_ALC
2000020,216,BEBIDA_INDIVIDUAL_ALC
3000009,37,CORTESIA
3000020,459,PROMOCIONES_REDES
1000028,232,PLATO_FONDO_FAMILIAR
2000140,500,BEBIDA_INDIVIDUAL_NO_ALC
2000006,514,BEBIDA_INDIVIDUAL_ALC
1000071,8,COMPLEMENTO_ADICIONAL
1000058,98,PLATO_FONDO_INDIVIDUAL
3000089,986,
1000019,100,PLATO_FONDO_INDIVIDUAL
1000091,534,PLATO_FONDO_INDIVIDUAL
1000020,466,PLATO_FONDO_INDIVIDUAL
1000100,100,PLATO_FONDO_INDIVIDUAL
2000039,491,BEBIDA_INDIVIDUAL_NO_ALC
1000085,528,PLATO_FONDO_INDIVIDUAL
1000056,132,NIÑOS
2000035,158,BEBIDA_INDIVIDUAL_NO_ALC
1000021,69,PLATO_FONDO_INDIVIDUAL
3000053,232,CORPORATIVOS
2000011,58,BEBIDA_INDIVIDUAL_ALC
2000009,521,BEBIDA_INDIVIDUAL_ALC
1000020,79,PLATO_FONDO_INDIVIDUAL
3000018,561,PROMOCIONES_REDES
1000032,233,
1000023,91,PLATO_FONDO_INDIVIDUAL
4000029,242,MODIFICADORES
2000059,218,BEBIDA_INDIVIDUAL_ALC
2000018,58,BEBIDA_INDIVIDUAL_ALC
1000016,99,PLATO_FONDO_INDIVIDUAL
4000014,571,MODIFICADORES
1000064,509,NIÑOS
3000088,676,
2000027,523,BEBIDA_INDIVIDUAL_ALC
1000079,175,NIÑOS
1000082,690,PLATO_FONDO_INDIVIDUAL
3000057,761,NIÑOS
1000071,60,COMPLEMENTO_ADICIONAL
4000039,54,POSTRE
3000005,182,PROMOCIONES_REDES
1000091,561,PLATO_FONDO_INDIVIDUAL
1000021,88,PLATO_FONDO_INDIVIDUAL
2000014,458,BEBIDA_INDIVIDUAL_ALC
2000022,243,BEBIDA_INDIVIDUAL_ALC
1000108,54,POSTRE
3000020,532,PROMOCIONES_REDES
1000096,255,PLATO_FONDO_INDIVIDUAL
1000088,567,PLATO_FONDO_INDIVIDUAL
2000103,520,BEBIDA_INDIVIDUAL_ALC
1000050,14,PLATO_FONDO_INDIVIDUAL
1000026,547,PLATO_FONDO_FAMILIAR
3000017,677,PROMOCIONES_REDES
2000056,521,BEBIDA_COMPARTIR_ALC
3000003,547,PROMOCIONES_REDES
4000051,13,MODIFICADORES
2000066,512,BEBIDA_COMPARTIR_NO_ALC
2000020,491,BEBIDA_INDIVIDUAL_ALC
2000030,242,BEBIDA_INDIVIDUAL_ALC
3000027,532,CORTESIA
2000099,63,BEBIDA_INDIVIDUAL_NO_ALC
1000079,603,NIÑOS
1000072,26,COMPLEMENTO_ADICIONAL
2000007,58,BEBIDA_INDIVIDUAL_ALC
3000000,676,PROMOCIONES_REDES
1000021,64,PLATO_FONDO_INDIVIDUAL
1000010,456,PLATO_FONDO_INDIVIDUAL
1000105,548,POSTRE
2000119,490,BEBIDA_COMPARTIR_NO_ALC
3000029,8,NIÑOS
2000035,70,BEBIDA_INDIVIDUAL_NO_ALC
1000058,91,PLATO_FONDO_INDIVIDUAL
2000128,219,BEBIDA_INDIVIDUAL_ALC
1000092,676,PLATO_FONDO_INDIVIDUAL
1000059,8,PLATO_FONDO_INDIVIDUAL
1000027,473,PLATO_FONDO_FAMILIAR
1000045,69,ALMUERZOS
2000081,494,BEBIDA_INDIVIDUAL_NO_ALC
4000019,175,MODIFICADORES
2000023,58,BEBIDA_INDIVIDUAL_ALC
1000023,171,PLATO_FONDO_INDIVIDUAL
ALM-000001,130,
1000018,98,PLATO_FONDO_INDIVIDUAL
2000059,58,BEBIDA_INDIVIDUAL_ALC
3000064,58,PROMOCIONES_REDES
2000032,158,BEBIDA_INDIVIDUAL_ALC
3000017,82,PROMOCIONES_REDES
3000074,58,
3000032,58,
1000022,100,PLATO_FONDO_INDIVIDUAL
2000015,465,BEBIDA_INDIVIDUAL_ALC
1000065,510,NIÑOS
1000097,53,NIÑOS
2000043,542,BEBIDA_COMPARTIR_ALC
1000046,135,ALMUERZOS
1000101,8,PLATO_FONDO_INDIVIDUAL
2000143,231,BEBIDA_COMPARTIR_NO_ALC
1000041,232,PLATO_FONDO_INDIVIDUAL
1000082,98,PLATO_FONDO_INDIVIDUAL
2000139,219,BEBIDA_INDIVIDUAL_NO_ALC
2000014,150,BEBIDA_INDIVIDUAL_ALC
2000001,513,BEBIDA_INDIVIDUAL_ALC
2000021,216,BEBIDA_INDIVIDUAL_ALC
1000057,177,PLATO_FONDO_INDIVIDUAL
1000053,182,NIÑOS
3000037,603,PROMOCIONES_REDES
1000057,609,PLATO_FONDO_INDIVIDUAL
3000048,520,PROMOCIONES_REDES
3000000,232,PROMOCIONES_REDES
2000061,218,BEBIDA_INDIVIDUAL_ALC
1000091,99,PLATO_FONDO_INDIVIDUAL
1000021,79,PLATO_FONDO_INDIVIDUAL
1000051,561,PLATO_FONDO_INDIVIDUAL
2000035,176,BEBIDA_INDIVIDUAL_NO_ALC
2000127,220,BEBIDA_INDIVIDUAL_ALC
3000018,676,PROMOCIONES_REDES
3000053,676,CORPORATIVOS
1000013,99,PLATO_FONDO_INDIVIDUAL
1000100,171,PLATO_FONDO_INDIVIDUAL
3000020,676,PROMOCIONES_REDES
1000024,232,PLATO_FONDO_INDIVIDUAL
3000055,232,
3000029,76,NIÑOS
1000045,91,ALMUERZOS
1000027,676,PLATO_FONDO_FAMILIAR
1000002,232,PLATO_FONDO_INDIVIDUAL
3000024,565,PROMOCIONES_REDES
1000082,84,PLATO_FONDO_INDIVIDUAL
2000018,491,BEBIDA_INDIVIDUAL_ALC
4000018,132,MODIFICADORES
3000078,782,
1000087,176,PLATO_FONDO_INDIVIDUAL
1000057,140,PLATO_FONDO_INDIVIDUAL
1000034,246,
1000102,100,NIÑOS
1000104,182,NIÑOS
2000025,479,BEBIDA_INDIVIDUAL_ALC
1000081,679,POSTRE
4000015,14,MODIFICADORES
1000102,545,NIÑOS
3000064,521,PROMOCIONES_REDES
1000088,99,PLATO_FONDO_INDIVIDUAL
4000030,58,MODIFICADORES
1000066,608,NIÑOS
3000060,764,PROMOCIONES_REDES
4000018,239,MODIFICADORES
3000003,562,PROMOCIONES_REDES
3000002,232,PROMOCIONES_REDES
2000066,158,BEBIDA_COMPARTIR_NO_ALC
1000084,656,ENTRADA_PIQUEO
1000020,88,PLATO_FONDO_INDIVIDUAL
1000065,608,NIÑOS
1000001,20,PLATO_FONDO_INDIVIDUAL
2000007,158,BEBIDA_INDIVIDUAL_ALC
2000055,539,BEBIDA_COMPARTIR_ALC
ALM-000007,120,
2000118,458,CORTESIA
3000057,621,NIÑOS
2000137,509,BEBIDA_COMPARTIR_ALC
1000011,676,PLATO_FONDO_INDIVIDUAL
1000064,61,NIÑOS
1000057,10,PLATO_FONDO_INDIVIDUAL
2000016,158,BEBIDA_INDIVIDUAL_ALC
4000040,486,BEBIDA_INDIVIDUAL_NO_ALC
1000097,8,NIÑOS
1000038,580,PLATO_FONDO_INDIVIDUAL
1000001,38,PLATO_FONDO_INDIVIDUAL
4000017,75,MODIFICADORES
3000002,601,PROMOCIONES_REDES
4000060,679,POSTRE
1000061,182,NIÑOS
2000076,35,BEBIDA_COMPARTIR_NO_ALC
1000094,69,PLATO_FONDO_INDIVIDUAL
4000012,600,PLATO_FONDO_INDIVIDUAL
1000013,551,PLATO_FONDO_INDIVIDUAL
4000053,249,ENTRADA_PIQUEO
3000024,676,PROMOCIONES_REDES
ALM-000002,130,
ALM-000010,11,
1000022,96,PLATO_FONDO_INDIVIDUAL
2000036,158,BEBIDA_INDIVIDUAL_NO_ALC
2000049,537,BEBIDA_COMPARTIR_ALC
2000020,521,BEBIDA_INDIVIDUAL_ALC
2000008,158,BEBIDA_INDIVIDUAL_ALC
1000095,531,PLATO_FONDO_INDIVIDUAL
3000020,58,PROMOCIONES_REDES
4000030,158,MODIFICADORES
2000064,465,BEBIDA_COMPARTIR_NO_ALC
1000092,535,PLATO_FONDO_INDIVIDUAL
1000045,77,ALMUERZOS
3000070,521,
1000018,69,PLATO_FONDO_INDIVIDUAL
1000083,571,ENTRADA_PIQUEO
3000020,217,PROMOCIONES_REDES
3000085,177,
3000004,498,PROMOCIONES_REDES
3000000,558,PROMOCIONES_REDES
2000143,465,BEBIDA_COMPARTIR_NO_ALC
1000085,561,PLATO_FONDO_INDIVIDUAL
ALM-000008,136,
2000039,176,BEBIDA_INDIVIDUAL_NO_ALC
3000004,502,PROMOCIONES_REDES
3000022,561,PROMOCIONES_REDES
1000020,100,PLATO_FONDO_INDIVIDUAL
2000022,216,BEBIDA_INDIVIDUAL_ALC
1000098,603,NIÑOS
ALM-000007,123,
1000107,54,POSTRE
2000084,476,BEBIDA_COMPARTIR_NO_ALC
3000064,60,PROMOCIONES_REDES
1000082,182,PLATO_FONDO_INDIVIDUAL
1000017,232,PLATO_FONDO_INDIVIDUAL
3000005,8,PROMOCIONES_REDES
1000102,61,NIÑOS
1000091,553,PLATO_FONDO_INDIVIDUAL
3000024,158,PROMOCIONES_REDES
1000104,559,NIÑOS
1000095,100,PLATO_FONDO_INDIVIDUAL
2000038,26,BEBIDA_INDIVIDUAL_NO_ALC
1000096,561,PLATO_FONDO_INDIVIDUAL
2000104,487,BEBIDA_COMPARTIR_NO_ALC
4000005,550,MODIFICADORES
3000000,601,PROMOCIONES_REDES
2000015,216,BEBIDA_INDIVIDUAL_ALC
1000022,64,PLATO_FONDO_INDIVIDUAL
2000025,58,BEBIDA_INDIVIDUAL_ALC
1000107,56,POSTRE
3000073,777,
1000021,38,PLATO_FONDO_INDIVIDUAL
2000002,158,BEBIDA_INDIVIDUAL_ALC
1000042,676,PLATO_FONDO_INDIVIDUAL
1000038,484,PLATO_FONDO_INDIVIDUAL
2000057,532,BEBIDA_INDIVIDUAL_ALC
2000028,16,BEBIDA_INDIVIDUAL_ALC
2000130,58,BEBIDA_INDIVIDUAL_ALC
2000145,56,BEBIDA_INDIVIDUAL_ALC
3000040,521,CORTESIA
3000060,676,PROMOCIONES_REDES
2000130,521,BEBIDA_INDIVIDUAL_ALC
2000028,58,BEBIDA_INDIVIDUAL_ALC
1000007,100,PLATO_FONDO_INDIVIDUAL
3000037,237,PROMOCIONES_REDES
3000022,219,PROMOCIONES_REDES
2000015,158,BEBIDA_INDIVIDUAL_ALC
3000002,502,PROMOCIONES_REDES
1000002,448,PLATO_FONDO_INDIVIDUAL
2000021,521,BEBIDA_INDIVIDUAL_ALC
1000083,237,ENTRADA_PIQUEO
2000129,225,BEBIDA_INDIVIDUAL_ALC
3000058,676,PROMOCIONES_REDES
1000097,182,NIÑOS
1000084,608,ENTRADA_PIQUEO
1000020,99,PLATO_FONDO_INDIVIDUAL
2000023,523,BEBIDA_INDIVIDUAL_ALC
1000048,237,PLATO_FONDO_INDIVIDUAL
1000018,100,PLATO_FONDO_INDIVIDUAL
1000050,676,PLATO_FONDO_INDIVIDUAL
3000028,182,PROMOCIONES_REDES
1000100,123,PLATO_FONDO_INDIVIDUAL
2000067,465,BEBIDA_INDIVIDUAL_NO_ALC
2000012,58,BEBIDA_INDIVIDUAL_ALC
1000050,496,PLATO_FONDO_INDIVIDUAL
2000039,216,BEBIDA_INDIVIDUAL_NO_ALC
1000058,95,PLATO_FONDO_INDIVIDUAL
1000039,676,PLATO_FONDO_INDIVIDUAL
3000081,249,
3000059,232,PROMOCIONES_REDES
1000104,61,NIÑOS
1000096,539,PLATO_FONDO_INDIVIDUAL
3000015,155,PROMOCIONES_REDES
3000014,182,
1000093,557,
1000024,100,PLATO_FONDO_INDIVIDUAL
3000085,8,
2000006,60,BEBIDA_INDIVIDUAL_ALC
1000051,558,PLATO_FONDO_INDIVIDUAL
1000022,232,PLATO_FONDO_INDIVIDUAL
INF-0005,46,
3000019,723,PROMOCIONES_REDES
3000082,412,
2000014,58,BEBIDA_INDIVIDUAL_ALC
3000012,542,BEBIDA_COMPARTIR_ALC
3000027,218,CORTESIA
2000036,456,BEBIDA_INDIVIDUAL_NO_ALC
2000141,158,BEBIDA_COMPARTIR_NO_ALC
4000041,482,MODIFICADORES
4000069,182,
2000029,158,BEBIDA_INDIVIDUAL_ALC
1000046,60,ALMUERZOS
1000046,676,ALMUERZOS
1000066,72,NIÑOS
2000067,158,BEBIDA_INDIVIDUAL_NO_ALC
1000018,29,PLATO_FONDO_INDIVIDUAL
2000110,480,BEBIDA_INDIVIDUAL_ALC
2000050,535,BEBIDA_COMPARTIR_ALC
2000002,512,BEBIDA_INDIVIDUAL_ALC
2000036,58,BEBIDA_INDIVIDUAL_NO_ALC
1000028,676,PLATO_FONDO_FAMILIAR
3000000,704,PROMOCIONES_REDES
1000030,246,
ALM-000005,571,
4000048,558,PLATO_FONDO_INDIVIDUAL
2000004,58,BEBIDA_INDIVIDUAL_ALC
2000127,521,BEBIDA_INDIVIDUAL_ALC
1000055,603,NIÑOS
2000037,456,BEBIDA_INDIVIDUAL_NO_ALC
1000084,20,ENTRADA_PIQUEO
3000004,676,PROMOCIONES_REDES
1000010,622,PLATO_FONDO_INDIVIDUAL
2000035,58,BEBIDA_INDIVIDUAL_NO_ALC
1000006,232,PLATO_FONDO_INDIVIDUAL
1000025,85,PLATO_FONDO_INDIVIDUAL
2000019,242,BEBIDA_INDIVIDUAL_ALC
3000070,58,
2000058,217,BEBIDA_COMPARTIR_ALC
4000052,256,MODIFICADORES
1000029,599,
3000075,58,
3000090,987,
2000121,468,
4000031,244,MODIFICADORES
1000041,487,PLATO_FONDO_INDIVIDUAL
1000106,36,POSTRE
1000107,70,POSTRE
1000023,775,PLATO_FONDO_INDIVIDUAL
3000003,601,PROMOCIONES_REDES
1000058,8,PLATO_FONDO_INDIVIDUAL
1000024,38,PLATO_FONDO_INDIVIDUAL
3000006,521,PROMOCIONES_REDES
3000075,458,
1000026,558,PLATO_FONDO_FAMILIAR
3000071,488,
3000001,459,BEBIDA_INDIVIDUAL_ALC
2000094,36,BEBIDA_INDIVIDUAL_NO_ALC
1000025,100,PLATO_FONDO_INDIVIDUAL
3000024,58,PROMOCIONES_REDES
1000053,603,NIÑOS
1000108,36,POSTRE
1000093,547,
1000018,91,PLATO_FONDO_INDIVIDUAL
3000019,232,PROMOCIONES_REDES
1000056,603,NIÑOS
2000116,217,BEBIDA_COMPARTIR_ALC
1000025,171,PLATO_FONDO_INDIVIDUAL
3000057,182,NIÑOS
3000056,676,PROMOCIONES_REDES
3000087,984,
1000113,246,COMPLEMENTO_ADICIONAL
1000100,140,PLATO_FONDO_INDIVIDUAL
2000060,521,BEBIDA_COMPARTIR_ALC
3000011,217,PROMOCIONES_REDES
1000015,561,PLATO_FONDO_INDIVIDUAL
1000054,182,NIÑOS
1000096,232,PLATO_FONDO_INDIVIDUAL
3000018,519,PROMOCIONES_REDES
ALM-000003,177,
1000101,544,PLATO_FONDO_INDIVIDUAL
2000067,512,BEBIDA_INDIVIDUAL_NO_ALC
2000090,502,BEBIDA_COMPARTIR_NO_ALC
2000025,241,BEBIDA_INDIVIDUAL_ALC
1000088,176,PLATO_FONDO_INDIVIDUAL
2000044,541,BEBIDA_COMPARTIR_ALC
1000052,561,PLATO_FONDO_INDIVIDUAL
1000024,171,PLATO_FONDO_INDIVIDUAL
2000062,465,BEBIDA_COMPARTIR_NO_ALC
1000013,459,PLATO_FONDO_INDIVIDUAL
1000065,72,NIÑOS
1000027,561,PLATO_FONDO_FAMILIAR
1000017,99,PLATO_FONDO_INDIVIDUAL
2000116,515,BEBIDA_COMPARTIR_ALC
2000142,20,BEBIDA_INDIVIDUAL_NO_ALC
4000011,564,PLATO_FONDO_INDIVIDUAL
ALM-000003,14,
1000022,99,PLATO_FONDO_INDIVIDUAL
1000006,99,PLATO_FONDO_INDIVIDUAL
INF-0002,41,
2000021,491,BEBIDA_INDIVIDUAL_ALC
4000055,249,PLATO_FONDO_INDIVIDUAL
1000060,76,NIÑOS
2000117,515,BEBIDA_INDIVIDUAL_ALC
2000145,513,BEBIDA_INDIVIDUAL_ALC
1000019,232,PLATO_FONDO_INDIVIDUAL
2000058,500,BEBIDA_COMPARTIR_ALC
1000067,182,COMPLEMENTO_ADICIONAL
2000120,489,BEBIDA_INDIVIDUAL_NO_ALC
2000033,70,BEBIDA_INDIVIDUAL_NO_ALC
1000087,676,PLATO_FONDO_INDIVIDUAL
1000023,64,PLATO_FONDO_INDIVIDUAL
1000101,91,PLATO_FONDO_INDIVIDUAL
1000023,140,PLATO_FONDO_INDIVIDUAL
3000022,676,PROMOCIONES_REDES
1000055,182,NIÑOS
4000037,55,OTRO_SISTEMA
1000104,76,NIÑOS
4000032,243,MODIFICADORES
1000101,177,PLATO_FONDO_INDIVIDUAL
1000105,497,POSTRE
2000008,58,BEBIDA_INDIVIDUAL_ALC
3000014,557,
1000061,61,NIÑOS
1000071,18,COMPLEMENTO_ADICIONAL
1000068,571,COMPLEMENTO_ADICIONAL
2000058,532,BEBIDA_COMPARTIR_ALC
1000056,8,NIÑOS
1000050,558,PLATO_FONDO_INDIVIDUAL
4000003,547,PLATO_FONDO_INDIVIDUAL
2000060,217,BEBIDA_COMPARTIR_ALC
2000112,520,BEBIDA_COMPARTIR_ALC
1000015,232,PLATO_FONDO_INDIVIDUAL
2000004,37,BEBIDA_INDIVIDUAL_ALC
2000032,58,BEBIDA_INDIVIDUAL_ALC
1000023,98,PLATO_FONDO_INDIVIDUAL
2000130,216,BEBIDA_INDIVIDUAL_ALC
1000079,182,NIÑOS
4000043,519,MODIFICADORES
1000082,79,PLATO_FONDO_INDIVIDUAL
ALM-000008,123,
1000041,566,PLATO_FONDO_INDIVIDUAL
1000098,13,NIÑOS
3000004,532,PROMOCIONES_REDES
1000066,76,NIÑOS
2000033,243,BEBIDA_INDIVIDUAL_NO_ALC
1000059,100,PLATO_FONDO_INDIVIDUAL
3000040,217,CORTESIA
1000012,550,PLATO_FONDO_INDIVIDUAL
1000054,14,NIÑOS
1000019,96,PLATO_FONDO_INDIVIDUAL
1000030,233,
1000025,91,PLATO_FONDO_INDIVIDUAL
2000113,519,BEBIDA_INDIVIDUAL_ALC
2000063,216,BEBIDA_INDIVIDUAL_NO_ALC
3000072,217,
ALM-000002,169,
2000075,158,BEBIDA_INDIVIDUAL_NO_ALC
2000057,218,BEBIDA_INDIVIDUAL_ALC
4000029,158,MODIFICADORES
1000095,91,PLATO_FONDO_INDIVIDUAL
1000094,64,PLATO_FONDO_INDIVIDUAL
1000010,232,PLATO_FONDO_INDIVIDUAL
2000028,158,BEBIDA_INDIVIDUAL_ALC
1000029,167,
3000004,515,PROMOCIONES_REDES
1000090,588,PLATO_FONDO_INDIVIDUAL
3000050,232,CORPORATIVOS
2000016,58,BEBIDA_INDIVIDUAL_ALC
1000064,82,NIÑOS
ALM-000004,116,
2000056,498,BEBIDA_COMPARTIR_ALC
1000053,8,NIÑOS
3000028,558,PROMOCIONES_REDES
2000020,158,BEBIDA_INDIVIDUAL_ALC
3000033,70,
2000013,150,BEBIDA_INDIVIDUAL_ALC
1000016,676,PLATO_FONDO_INDIVIDUAL
4000068,472,
1000024,91,PLATO_FONDO_INDIVIDUAL
1000085,549,PLATO_FONDO_INDIVIDUAL
2000070,158,BEBIDA_COMPARTIR_NO_ALC
2000118,521,CORTESIA
2000095,213,BEBIDA_INDIVIDUAL_NO_ALC
1000065,61,NIÑOS
1000023,175,PLATO_FONDO_INDIVIDUAL
2000024,479,BEBIDA_INDIVIDUAL_ALC
1000008,676,PLATO_FONDO_INDIVIDUAL
4000058,591,MODIFICADORES
3000016,76,PROMOCIONES_REDES
1000032,599,
2000052,534,BEBIDA_COMPARTIR_ALC
2000030,456,BEBIDA_INDIVIDUAL_ALC
1000017,463,PLATO_FONDO_INDIVIDUAL
1000097,84,NIÑOS
3000058,553,PROMOCIONES_REDES
ALM-000007,136,
ALM-000002,13,
1000019,531,PLATO_FONDO_INDIVIDUAL
1000025,140,PLATO_FONDO_INDIVIDUAL
1000066,82,NIÑOS
1000045,64,ALMUERZOS
1000108,70,POSTRE
3000023,519,PROMOCIONES_REDES
1000024,98,PLATO_FONDO_INDIVIDUAL
2000118,60,CORTESIA
4000019,135,MODIFICADORES
1000026,472,PLATO_FONDO_FAMILIAR
2000006,63,BEBIDA_INDIVIDUAL_ALC
3000023,232,PROMOCIONES_REDES
3000024,497,PROMOCIONES_REDES
2000002,58,BEBIDA_INDIVIDUAL_ALC
1000113,233,COMPLEMENTO_ADICIONAL
1000025,69,PLATO_FONDO_INDIVIDUAL
1000022,612,PLATO_FONDO_INDIVIDUAL
3000058,232,PROMOCIONES_REDES
